<?xml version="1.0" encoding="UTF-8"?>

<testConfiguration xmlns="http://www.bpelunit.org/schema/testConfiguration" xmlns:xsi="http://www.w3.org/2001/XMLSchema-instance" xsi:schemaLocation="http://www.bpelunit.org/schema/testConfiguration">
	
	<configuration deployer="oracle">
		<property name="OracleDirectory">D:\OraBPELPM\integration\orabpel\</property>
		<property name="OracleDomain">default</property>
		<property name="OracleDomainPassword">bpel</property>
	</configuration>
	
</testConfiguration>
